                  epoch,         train/box_loss,         train/cls_loss,         train/dfl_loss,   metrics/precision(B),      metrics/recall(B),       metrics/mAP50(B),    metrics/mAP50-95(B),           val/box_loss,           val/cls_loss,           val/dfl_loss,                 lr/pg0,                 lr/pg1,                 lr/pg2
                      0,                 5.2068,                 3.9163,                 4.4568,                0.00174,                0.05263,                0.00116,                0.00012,                 5.1774,                 4.1802,                  4.162,                0.00018,                0.00018,                0.00018
                      1,                 5.5672,                  3.744,                 4.2319,                0.00186,                0.05263,                0.00099,                 0.0001,                 5.1792,                 4.1931,                 4.1651,             0.00037248,             0.00037248,             0.00037248
                      2,                 4.7866,                 3.2763,                 4.1303,                0.00345,                0.10526,                0.00255,                0.00025,                  5.181,                 4.2054,                 4.1686,             0.00055703,             0.00055703,             0.00055703
                      3,                 4.4817,                 3.0473,                 3.8224,                0.00313,                0.10526,                0.00232,                0.00033,                 5.1928,                 4.2222,                 4.1812,             0.00073367,             0.00073367,             0.00073367
                      4,                 3.8832,                 2.5257,                 3.5854,                0.00168,                0.05263,                0.00108,                0.00022,                 5.2252,                 4.2443,                 4.2121,             0.00090238,             0.00090238,             0.00090238
                      5,                 3.6076,                 2.4342,                 3.1536,                0.00167,                0.05263,                0.00106,                0.00021,                 5.3128,                 4.3837,                 4.2956,              0.0010632,              0.0010632,              0.0010632
